Name,Email
Shelia,pwarner@example.org
Jo,fergusonkatherine@example.net
Sheryl,fhoward@example.org
Whitney,zjohnston@example.com
Lindsey,elin@example.net
Sherry,kaitlin13@example.net
Ernest,jeffharvey@example.com
Doris,alicia33@example.org
Cheryl,jake50@example.com
Harry,lanechristina@example.net
Casey,ncantu@example.com
Sara,kristy41@example.net
Eddie,brandy23@example.com
Ralph,dleon@example.org
Priscilla,latasha46@example.org
Carly,stricklandomar@example.org
Nicolas,twilkinson@example.com
Natasha,dorothymeza@example.com
Courtney,estesana@example.org
Perry,allison66@example.net
Emily,jordankelley@example.com
Meghan,ehatfield@example.com
Ernest,lanedarius@example.com
Norman,samanthasummers@example.org
Roger,leblancjohnathan@example.org
Ethan,jay82@example.net
Catherine,sara05@example.org
Catherine,nelsonlori@example.org
Corey,phillip27@example.net
Hunter,jimsellers@example.com
Dakota,jadecollier@example.com
Nathaniel,george75@example.org
Marco,ramosjonathon@example.org
Todd,hessrachel@example.com
Bryan,fhughes@example.org
Adrienne,marilyn91@example.org
Seth,ebranch@example.net
Stefanie,rickeykelley@example.com
Kent,hammonddestiny@example.org
Angela,anitamckenzie@example.net
Harry,debbieturner@example.net
Kristopher,frederick54@example.org
Rachael,msummers@example.net
Vincent,shannonrandy@example.org
Don,kkey@example.net
Olivia,diana26@example.net
Erik,alejandro41@example.net
Judith,marvinmolina@example.org
Chloe,tblack@example.net
George,douglascontreras@example.net
Jo,pamela64@example.net
Joshua,dianashepherd@example.net
Rickey,ingramtiffany@example.org
Robyn,carriecrawford@example.org
Christina,fuentesclaudia@example.net
Shelby,kaneaudrey@example.org
Steve,rebekahsantos@example.net
Gina,craig28@example.com
Connie,connercourtney@example.net
Aaron,harrygallagher@example.com
Lance,pennymeyer@example.org
Mary,glencherry@example.org
Yesenia,robertablackburn@example.com
Shane,jacquelinephelps@example.org
Norma,nealtristan@example.org
Melinda,wernermatthew@example.org
Darrell,shannonmahoney@example.org
Priscilla,jsantos@example.net
Karla,gwendolyn67@example.org
Alexandria,zalvarado@example.org
Joanna,barbaralowe@example.com
Lydia,jeffrey19@example.org
Darryl,robynwoodard@example.org
Alice,hickmanapril@example.org
Seth,lawsonsheri@example.org
Amy,gibsonjames@example.com
Vickie,costacameron@example.net
Hector,kendra27@example.com
Colin,glenn29@example.net
Joshua,ndodson@example.org
Yesenia,hreid@example.net
Meghan,parrishbenjamin@example.net
Eddie,woodsjerry@example.org
Joyce,dporter@example.net
Isaiah,franciscoshah@example.net
Curtis,ofletcher@example.com
Devon,brandy99@example.net
Jordan,scottspence@example.com
Tom,thomasjefferson@example.com
Bethany,ashley45@example.net
Ariel,baileyblake@example.net
Jaclyn,zavalamackenzie@example.com
Stephanie,mandyvillarreal@example.com
Carly,fmelendez@example.org
Dominique,bennettmisty@example.org
Doris,nguyentonya@example.net
Joe,lori87@example.net
Tony,riveralaura@example.net
Lydia,carly49@example.com
Matthew,druiz@example.org
Laura,stoutjennifer@example.org
Vernon,haysmario@example.net
Roberta,kfoley@example.com
Janet,nramos@example.org
Taylor,hector24@example.net
Ariana,malonenina@example.org
Dave,beanfrederick@example.com
Beth,simmonsbrenda@example.net
Diamond,hrogers@example.org
Timothy,smiranda@example.net
Victor,barbara05@example.com
Samantha,wthompson@example.com
Priscilla,galvanamanda@example.net
Erica,bradycain@example.org
Tonya,summer68@example.org
Diane,cuevasyesenia@example.com
Karl,franklincarroll@example.org
Dana,pnielsen@example.org
Neil,angiecosta@example.com
Julia,saradoyle@example.net
Brandy,jcraig@example.com
Darren,ocurtis@example.org
Roger,oochoa@example.com
Albert,careyteresa@example.com
Tracie,nicolas31@example.com
Tim,sblair@example.net
Margaret,kara78@example.com
Autumn,sierrabrock@example.com
Christina,cchandler@example.org
Andrew,yolanda80@example.com
April,tammie24@example.org
Peter,terrance42@example.com
Christina,joannacastaneda@example.com
David,costaariel@example.com
Willie,owensmeghan@example.com
Traci,mckinneyelijah@example.org
Alexandria,franklinnoah@example.com
Manuel,michellefranco@example.org
Nathan,bentontroy@example.com
Hailey,ygregory@example.net
Arthur,gmckee@example.org
Alexa,garrettgordon@example.net
Jorge,pattersonlatoya@example.net
Oscar,albertstanton@example.net
Derrick,javierfrench@example.org
Teresa,lnash@example.org
Randy,shellycain@example.org
Joann,pstone@example.net
Christopher,graytami@example.org
Malik,lynn40@example.org
Kristi,starkbrandon@example.org
Mariah,timothycastro@example.org
Monique,vholmes@example.com
Stacie,alejandro24@example.org
Shannon,qcarter@example.net
Peggy,leah97@example.com
Anthony,marciamullins@example.org
Perry,kirsten46@example.org
Denise,alexagraves@example.com
Thomas,curtisfrancisco@example.net
Robyn,seanmcguire@example.org
Miguel,whitney63@example.org
Laura,tharmon@example.net
Madeline,xcaldwell@example.com
Christopher,blackwellpaige@example.com
Mackenzie,deniseromero@example.net
Phyllis,ramseymaria@example.com
Jesus,jflores@example.com
Maurice,micheal55@example.org
Brittney,avilasarah@example.net
Dalton,tonystuart@example.org
Russell,isaac99@example.org
Alex,rcosta@example.net
Jenny,mhall@example.org
Daryl,ehicks@example.net
Jake,jorge12@example.com
Luke,ravensimmons@example.net
Earl,malik60@example.com
Brittany,sanfordmalik@example.net
Wanda,carolyn22@example.net
Mckenzie,tgiles@example.com
Ernest,jennaconway@example.net
Haley,iortega@example.org
Dalton,pacevirginia@example.com
Drew,hartelaine@example.org
Bradley,waltonleonard@example.net
Alan,bernardamanda@example.com
Angelica,dpennington@example.com
Daryl,imccann@example.org
Tristan,terrance57@example.com
Tami,wmacdonald@example.org
Grant,levinebianca@example.net
Sherri,smithjasmine@example.com
Barbara,david92@example.org
Sherry,cassidy66@example.org
Francisco,zachary83@example.net
Janice,ireese@example.net
Melody,christiandarryl@example.org
Evan,huffwyatt@example.com
Terrance,schroederduane@example.org
Stephanie,kaitlynwoodward@example.com
Jimmy,randallcarol@example.net
Sonia,betty58@example.com
Curtis,isaiah96@example.org
Tracie,zblair@example.org
Eugene,xmontgomery@example.com
Lonnie,tkoch@example.org
Alan,fitzpatrickwhitney@example.net
Grace,lawsonroger@example.org
Logan,theresa29@example.com
Katrina,robin78@example.com
Katherine,tsullivan@example.org
Perry,hebertmike@example.org
Makayla,xolson@example.net
Jo,kbraun@example.org
Christian,anthonyalexa@example.net
Nancy,melody43@example.net
Cheryl,mdavies@example.net
Helen,bthornton@example.com
Jennifer,mallorycantu@example.net
Danielle,rodney01@example.net
Candice,cliffordbrowning@example.net
Renee,louis68@example.org
Annette,jadethompson@example.com
Kerry,randall55@example.com
Lindsey,megansimpson@example.net
Dominic,angelica52@example.org
Gordon,yvonne71@example.org
Bruce,ericksonbob@example.org
Maxwell,emoyer@example.org
Geoffrey,mcross@example.net
Charlene,jonathoncarroll@example.net
Anita,chelseamendoza@example.com
Leslie,copelandshaun@example.net
Pamela,hherring@example.com
Deanna,josephkimberly@example.com
Bonnie,herbertreynolds@example.org
Debra,carolmelton@example.net
Sharon,gary51@example.org
Olivia,ogood@example.net
Jean,tstafford@example.com
Bridget,jeremyosborne@example.com
Curtis,hunter00@example.com
Bridget,jocelyn96@example.org
Mitchell,franciscoaguilar@example.com
Peter,max86@example.org
Jonathon,logan73@example.com
Connie,dwayne93@example.org
Stacie,latasha47@example.com
Jacqueline,henry51@example.net
Kara,marcowen@example.org
Caroline,hesscole@example.net
Meagan,mmeadows@example.com
Jamie,diane97@example.org
Nicholas,snowedwin@example.net
Shane,cordovacaleb@example.org
Norman,dickersonjoanna@example.net
Pamela,marczimmerman@example.org
Yolanda,cookeannette@example.net
Phillip,fliu@example.com
Taylor,alvin05@example.org
Ebony,jtran@example.net
Lucas,weeksdevin@example.org
Alan,gabrielarosario@example.com
Ernest,hornmackenzie@example.net
Kristina,fstuart@example.org
Shaun,gilbertgrant@example.com
Anthony,ritarice@example.com
William,pcurtis@example.com
Bobby,shawn17@example.org
Krista,karina40@example.com
Isaiah,ian42@example.com
Gilbert,bruce35@example.com
Dawn,vharmon@example.org
Melody,andre64@example.org
Edgar,yvalenzuela@example.org
Allison,ithomas@example.org
Clayton,doylevictor@example.com
Desiree,mcbridehunter@example.com
Yvette,sonya26@example.com
Albert,vsoto@example.com
Kara,paynetamara@example.org
Yolanda,pfrye@example.org
Cheryl,caseyanita@example.net
Beverly,smolina@example.com
Kerri,valdezbrooke@example.net
Ralph,alexa92@example.com
Stefanie,holdenanne@example.com
Judith,hallwhitney@example.org
Benjamin,hbeltran@example.com
Pamela,randyhogan@example.org
Tricia,katrinamacias@example.net
Zachary,claudiayoung@example.com
Leon,hbright@example.net
Lacey,bennettjoseph@example.com
Yesenia,braychad@example.net
Phillip,cshaw@example.net
Teresa,brycehernandez@example.org
Stacy,margaretlane@example.org
Gary,royjay@example.org
Jasmine,schroederjeffrey@example.com
Angie,karlpotter@example.net
Stanley,dalestephens@example.net
Mary,collinlara@example.net
Tristan,kcarroll@example.org
Jessica,millerharry@example.com
Kerry,johnsdawn@example.net
Megan,cpeck@example.net
Steven,tgibson@example.net
Dwayne,karlgarcia@example.net
Chelsey,braunstanley@example.org
Alex,jerryhenson@example.net
Bethany,hurstadrian@example.org
Mario,peggy95@example.org
Deborah,eross@example.org
Marc,vernon03@example.com
Kristin,chasearthur@example.org
Frederick,pamlozano@example.net
Angel,slarson@example.com
Tasha,russojeremy@example.org
Emily,lincindy@example.com
Warren,tyler70@example.org
Julian,traceyhiggins@example.org
Edward,jbenjamin@example.com
Hector,shutchinson@example.org
Brittney,ocochran@example.org
Bethany,knoxmaxwell@example.org
Vicki,deborah98@example.com
Jay,monroeclayton@example.net
Candace,michael90@example.org
Valerie,iortiz@example.net
Hunter,vcabrera@example.com
Phillip,ferrellamanda@example.org
Micheal,traceyrice@example.org
Daniel,gillespiebruce@example.org
Jonathan,cbryant@example.org
Kirk,hahnroberto@example.org
Kurt,ross34@example.org
Stefanie,ohorn@example.com
Ariana,morganwendy@example.net
Lydia,cherylmcmillan@example.org
Jenny,balldrew@example.net
Ryan,randall14@example.org
Aimee,jbautista@example.com
Kari,michaelgallegos@example.net
Vicki,katie93@example.net
Kerri,sparksrodney@example.net
Raven,klinecody@example.com
Darryl,danielskim@example.com
Leah,cody23@example.net
Bernard,walter74@example.net
Robert,anita65@example.com
Randall,pmcmahon@example.com
Stacie,paynescott@example.net
Eduardo,christyrichards@example.net
Robert,judithpotts@example.com
Jermaine,meghan13@example.com
Lance,chelsea50@example.com
Alvin,johnathanshields@example.org
Kathryn,sarah48@example.com
Jamie,reevesphilip@example.net
Francisco,kayla48@example.net
Earl,rcochran@example.com
Heather,micheal66@example.net
Christine,pbean@example.org
Kaylee,brendanstewart@example.net
Ariel,bhardin@example.org
Emma,nichole84@example.org
Kara,cfrancis@example.com
Erika,cjimenez@example.com
Preston,hectorchristensen@example.com
Brittney,albert29@example.com
Gilbert,louisgould@example.org
Jose,francesbeltran@example.com
Phyllis,edgar84@example.com
Robyn,sblevins@example.com
Marie,adrian94@example.org
Cameron,vicki49@example.org
Calvin,dustinclayton@example.org
Glenn,jermainewalters@example.net
Jeff,shepherdallen@example.net
Wyatt,btaylor@example.com
Gina,joywhite@example.com
Susan,shane47@example.org
Tommy,figueroaalice@example.net
Julian,zsantana@example.com
Fernando,justincombs@example.com
Leonard,christinaconner@example.com
Nina,mchase@example.com
Anne,egeorge@example.org
Mandy,jesushowell@example.com
Angel,zdavies@example.net
Bryce,chelsey42@example.net
Whitney,kirkoliver@example.com
Natalie,preston37@example.net
Vickie,danielroberson@example.com
Grant,edward48@example.org
Bradley,ymunoz@example.org
Roberto,barbaragreene@example.org
Debbie,debbie77@example.net
Henry,houseshari@example.net
Kyle,priscilla10@example.net
Ricky,renee45@example.com
Tanya,rodom@example.com
Francis,fflores@example.net
Lydia,christiemacdonald@example.net
Jessica,mark07@example.com
Summer,kelseyholden@example.com
Marisa,qmontgomery@example.net
Gabrielle,gene66@example.com
Maureen,cranerick@example.org
Cody,glovermike@example.com
Holly,vmckinney@example.net
Samantha,qromero@example.net
Hailey,castrocalvin@example.net
Phillip,louissolomon@example.net
Maria,christopher66@example.com
Sarah,maria81@example.org
Gregg,edwarddennis@example.org
Micheal,nkane@example.com
Gabriel,megangamble@example.com
Joy,tricia97@example.org
Karen,cbenson@example.net
Molly,romangwendolyn@example.org
Scott,collingillespie@example.com
Grace,efrey@example.net
Kerry,stronghector@example.org
Xavier,yparks@example.org
Dustin,fernandezkirsten@example.com
Brendan,isaiahlewis@example.com
Cory,colonglenn@example.net
Carla,maxwell65@example.com
Tracy,slevy@example.org
Anne,ecraig@example.org
Megan,clarsen@example.net
Sydney,gail52@example.net
Regina,daisybailey@example.net
Randy,marie87@example.org
Darin,osilva@example.net
Tracey,christiewilkins@example.net
Jocelyn,lvazquez@example.com
Susan,carrollpaula@example.org
Whitney,carlrosales@example.com
Emma,fryrita@example.org
Valerie,nwallace@example.net
Kiara,alvarezamber@example.net
Karla,francislowe@example.com
Marisa,bradshawpamela@example.org
Lynn,ernestblake@example.net
Sydney,jason39@example.org
Diane,marco98@example.org
Christian,bryantbreanna@example.net
Clayton,mitchell97@example.net
Brandon,cortezdarin@example.org
Haley,davilaallen@example.org
Megan,nathaniel50@example.net
Kathleen,awhitaker@example.net
Traci,perryhoffman@example.org
Bryan,tristan32@example.org
Caitlyn,tschmidt@example.net
Mary,kirstenkelly@example.net
Cassie,lyonssylvia@example.com
Nathaniel,marcusmadden@example.org
Marcia,aguilarjenna@example.com
Jose,hayley94@example.net
Drew,sandra27@example.com
Max,staceyallison@example.org
Valerie,betty69@example.net
Elijah,hayley69@example.com
Jeanne,fmercado@example.com
Sylvia,perezdana@example.net
Linda,tamiblair@example.org
Peggy,joanna72@example.net
Tracey,dorothyhaas@example.org
Curtis,sherry25@example.com
Candice,fpowell@example.net
Rodney,hardinross@example.net
Jay,yesenia63@example.net
Shawn,bfreeman@example.net
Bob,bromero@example.com
Carmen,perryhubbard@example.org
Dawn,ruth92@example.com
Elaine,kelsey75@example.com
Ross,bknapp@example.net
Blake,navila@example.net
Johnny,francis02@example.org
Tanner,alyssa63@example.com
Louis,wvasquez@example.org
Lonnie,cwilkins@example.net
Kellie,wesleymcknight@example.com
Claudia,brittney08@example.org
Evan,shermanlacey@example.net
Monica,clarkeshaun@example.net
Caleb,janice77@example.com
Tasha,darryl45@example.net
Alyssa,shelia93@example.net
Seth,joann83@example.org
Logan,markbenitez@example.com
Mark,gabrielgarcia@example.net
Sheena,vraymond@example.net
Melody,lynn01@example.net
Sheryl,zacharybean@example.com
Lynn,jmccoy@example.org
Carmen,ian16@example.net
Shelley,kiaramason@example.org
Jaime,arielcarroll@example.com
Dan,stewartalan@example.net
Melinda,pweber@example.net
Clayton,brennanamanda@example.net
Rita,ijacobson@example.com
Melissa,alexandria21@example.org
Sally,ibrooks@example.com
Janice,shauncompton@example.net
Sean,wintersperry@example.com
Marcia,alee@example.net
Dustin,hayleydalton@example.com
Jodi,haydeneaton@example.com
Benjamin,roweisabel@example.org
Paula,phyllisnelson@example.com
Melvin,hestersheri@example.com
Kaylee,ross66@example.net
Logan,fernando58@example.com
Preston,meghankirk@example.net
Bernard,dakota03@example.net
Gina,perrylindsay@example.com
Ariel,reynoldsstacey@example.net
Don,aguilaralfred@example.net
Alex,pittsmarissa@example.com
Shelia,martinkarina@example.com
Dominic,karinacooke@example.net
Leslie,gwendolyn74@example.com
Amy,ashley97@example.net
Judy,myersanita@example.org
Alex,alyssa29@example.com
Allen,rileymullins@example.com
Tiffany,morganortega@example.net
Sally,cflowers@example.net
Dakota,keymary@example.com
Willie,tristansawyer@example.com
Isabella,tterry@example.net
Janet,rabbott@example.org
Jeanette,nhogan@example.net
Emily,lisaayala@example.org
Cristian,marissavalentine@example.org
Nina,rosscoffey@example.com
Kyle,langdustin@example.net
Jacob,manuel98@example.com
Nicholas,kentzuniga@example.net
Jasmine,perry90@example.com
Jackie,logannicole@example.net
Rebecca,parksseth@example.net
Catherine,uschultz@example.org
Clifford,felicia16@example.net
Chase,walterbilly@example.net
Jeff,nancy68@example.org
Brandy,darin55@example.net
Heidi,shahbreanna@example.net
Andrew,salazaremily@example.net
Virginia,chanalyssa@example.com
Samantha,andreelliott@example.org
Lorraine,glendamueller@example.net
Kendra,jkeller@example.com
Aaron,wilcoxalexis@example.net
Raven,oreese@example.org
Terri,jeanne07@example.com
Ross,russodawn@example.org
Jeremy,patriciaenglish@example.org
Edward,tcantrell@example.org
Sabrina,aaronmonroe@example.com
Darren,rushashlee@example.com
Tanya,cheyennelevine@example.net
Connor,ballardtina@example.net
Angela,gbeard@example.com
Norma,autumn44@example.com
Perry,allentamara@example.net
Darryl,lauren07@example.com
Maxwell,maysjason@example.org
Nicole,schneiderwilliam@example.com
Gail,ruthashley@example.com
David,hross@example.net
Jade,hurleydeborah@example.com
Shannon,alex20@example.net
Jake,abautista@example.com
Dawn,darlene54@example.com
Carrie,medinachristie@example.org
Ross,gmacdonald@example.net
Johnathan,neilmeza@example.net
Franklin,cwoods@example.org
Candace,warren03@example.com
Kaylee,gfrazier@example.org
Francis,soniamontes@example.com
Breanna,bvalenzuela@example.org
Marco,frederickcooley@example.com
April,kluna@example.net
Bryan,mackenziekennedy@example.org
Sabrina,ewheeler@example.org
Evan,clarencesimmons@example.net
Luis,rsanchez@example.org
Jo,romananna@example.org
Rebecca,kristinasantos@example.net
Kristie,leachalicia@example.com
Natalie,bbarnett@example.org
Dominic,hancockpaige@example.org
Molly,susanyu@example.org
Kristin,cristiannicholson@example.org
Rick,katelynpowell@example.org
Wyatt,mcneildonald@example.net
Meagan,wilkinsalicia@example.org
Lisa,schroedereileen@example.com
Marie,smithluis@example.org
Rita,udonaldson@example.org
Howard,joshuawhitehead@example.net
Kenneth,leonard98@example.com
Katelyn,johnswesley@example.net
Douglas,zoeknight@example.com
Rickey,yolanda29@example.net
Tammy,dwaynemay@example.net
Mallory,migueljordan@example.net
Charlene,morganoscar@example.net
Bailey,bishopdesiree@example.net
Jody,olivia64@example.net
Theresa,gallagheraimee@example.net
Darlene,geoffrey78@example.org
Amanda,alexis67@example.org
Vickie,sierrapearson@example.com
Laurie,christopher36@example.org
Fernando,alejandro98@example.net
George,gromero@example.org
Samuel,conradalvin@example.net
Heidi,kelly77@example.com
Bill,walter50@example.org
Max,dylanmccall@example.com
Alexander,mtaylor@example.net
Kelly,pamelamueller@example.org
Brett,garrett10@example.net
Lorraine,wiseroberta@example.com
Heidi,graycarrie@example.net
Jaime,onealstephen@example.com
Brittany,jennaguerra@example.com
Christy,cassandrafrazier@example.com
Regina,breanna42@example.org
Ariel,imitchell@example.com
Troy,elliscandice@example.com
Carrie,cristinalevine@example.org
Norman,ibarrajasmin@example.org
Vernon,michellecunningham@example.net
Shaun,collinskyle@example.org
Sheila,bvalentine@example.net
Diamond,kathleenlivingston@example.net
Bryan,rebecca49@example.org
Chelsea,sandyandrade@example.com
Emma,betty89@example.net
Elijah,janet65@example.com
Darren,kaylee41@example.com
Alicia,mindy66@example.org
Christina,spencerdean@example.net
Tabitha,morsebernard@example.net
Sarah,gabriella52@example.com
Katrina,joel78@example.com
Sophia,koneal@example.net
Brady,uharrell@example.org
Kristie,achristensen@example.com
Tracy,daringonzales@example.com
Hayley,tranpatty@example.org
Joanne,alexandersantiago@example.net
Rick,gentryaustin@example.net
Jo,kristatorres@example.net
Yvette,michaelawillis@example.net
Autumn,harringtonjames@example.net
Eduardo,jbuchanan@example.com
Shari,terrenceware@example.net
Caitlyn,jhancock@example.com
Cathy,lwalker@example.org
Morgan,miaward@example.com
Bianca,danawatts@example.com
Kenneth,rhondakrause@example.net
David,stacy04@example.net
Caitlin,richshari@example.com
Peggy,bvaughn@example.com
Doris,ewatts@example.com
Mercedes,virginiarichard@example.com
Craig,jeffersonbrittney@example.net
Tami,blackburnmiranda@example.net
Erik,woodarddarryl@example.com
Theresa,qcraig@example.com
Kendra,yhubbard@example.com
Heidi,lambdennis@example.org
Regina,earlbenson@example.net
Betty,cherylhuang@example.org
Mariah,madison48@example.com
Emily,xrusso@example.net
Kristine,autumn44@example.org
Brad,ydillon@example.net
Drew,evelyn76@example.org
Blake,wrush@example.net
Maureen,terrancegordon@example.com
Monica,douglasmorrison@example.org
Brittney,jaredgallagher@example.net
Aaron,mitchell36@example.com
Leon,estradasusan@example.org
Frances,fieldstanya@example.net
Anthony,onewman@example.com
Alejandra,rhines@example.com
Angelica,odennis@example.net
Tara,huntjohn@example.com
Patrick,garciaeduardo@example.net
Claire,maysmelvin@example.org
Evan,pnovak@example.com
Claire,fernando64@example.com
Richard,scrosby@example.com
Kent,warejoanna@example.net
Jane,vanessa70@example.com
Rita,jessica23@example.com
Leah,lauriehudson@example.com
Vincent,krausejo@example.net
Ronnie,cathycalhoun@example.com
Audrey,jocelyn06@example.org
Javier,melvin39@example.org
Cassie,barbarakrause@example.org
Julian,michealfrazier@example.net
Carla,rayblackwell@example.net
Elizabeth,lisaflynn@example.org
Lorraine,katherine31@example.com
Joanna,denise90@example.org
Johnny,valdezdana@example.org
Gabriel,jeaton@example.com
Bianca,chloeray@example.com
Reginald,parsonsrussell@example.org
Kimberly,xcabrera@example.com
Lonnie,kevinkramer@example.net
Kelli,dherring@example.net
Jo,sherrybenton@example.org
Diana,malikglass@example.net
Allen,sherylclay@example.org
Leonard,knightmiguel@example.com
Arthur,charlesjanet@example.com
Dwayne,meagan80@example.org
Heidi,willisannette@example.org
Franklin,bridget79@example.org
Sergio,catherineholden@example.com
Gina,barrleroy@example.org
Mike,rchaney@example.org
Holly,lindsey59@example.com
Jenna,ngrimes@example.com
Catherine,prestonmiranda@example.org
Jerome,fernandomason@example.net
Wayne,imccullough@example.net
Blake,shawn86@example.com
Rick,howardariel@example.com
Reginald,lindseyleblanc@example.com
Chad,lhuffman@example.org
Wayne,tanyaromero@example.net
Darren,bhaney@example.org
Perry,joseph15@example.com
Mandy,spearssonya@example.org
Tammie,norma12@example.net
Wayne,suzannemaxwell@example.org
Whitney,fullerstuart@example.net
Cassie,shahphyllis@example.org
Regina,lauren11@example.org
Jason,lhooper@example.org
Jose,beverlyhawkins@example.com
Joy,nathanibarra@example.com
Renee,tknapp@example.org
Julian,kingabigail@example.com
Pam,alisha35@example.com
Julie,cathy34@example.com
Jodi,cannondean@example.net
Mason,vmunoz@example.net
Frederick,kristinerodgers@example.com
Sheena,miranda19@example.org
Katelyn,gpatterson@example.org
Bobby,alicejoyce@example.net
Marvin,lukefuentes@example.com
Katrina,haileydurham@example.org
Rachael,kristinedaniels@example.org
Alexandra,lzhang@example.com
Darlene,katiehurley@example.org
Morgan,zaustin@example.org
Vernon,simmonsrickey@example.net
Robyn,alishasmith@example.net
Vanessa,kyliegill@example.com
Heidi,jasmine45@example.com
Kristen,yatesjoy@example.com
Jean,clineangela@example.net
Lawrence,yolanda30@example.com
Christine,ihouse@example.org
Barbara,kiddmakayla@example.com
Ruben,delgadodarren@example.com
Donald,albertsummers@example.net
Angelica,andre30@example.org
Claire,vanessacox@example.com
Leslie,mike30@example.org
Calvin,munozglenda@example.com
Makayla,claire28@example.org
Caitlyn,xjohns@example.com
Tony,alecblake@example.org
Lydia,phillipspence@example.net
Debra,hhayden@example.net
Garrett,dwayne48@example.net
Annette,jakerichard@example.org
Todd,bowengerald@example.com
Xavier,tommy55@example.net
Gilbert,elynch@example.com
Frances,stacey22@example.com
Eduardo,riveratracy@example.org
Jillian,robinsontaylor@example.net
Jenna,janicerodriguez@example.com
Chelsey,daniellestanley@example.org
Ebony,guyroberson@example.net
Grace,tiffanymaxwell@example.net
Harry,raymonddickerson@example.net
Rebekah,livingstonrandy@example.com
Jody,birdchristine@example.net
Caleb,zimmermanchelsea@example.org
Katie,marshallmary@example.com
Patricia,wolfeshelby@example.org
Dorothy,tonya08@example.org
Dominic,gavinyork@example.org
Virginia,zcortez@example.com
Terrance,katienoble@example.org
Paula,baileybarron@example.net
Steve,nicole39@example.org
Franklin,carlos21@example.org
Mary,djordan@example.net
Krista,raymartin@example.org
Tim,kiddbryce@example.net
Shane,latoya41@example.org
Sonya,allisoncoleman@example.org
Diana,griffinadam@example.net
Kirk,fcantrell@example.org
Toni,shouse@example.net
Sonya,novakleroy@example.com
Stuart,chrismcknight@example.net
Margaret,dfrost@example.net
Fred,littlecesar@example.com
Becky,coreysavage@example.com
Mark,lorraineellison@example.org
Terri,hooperashley@example.net
Jorge,bvillanueva@example.com
Jean,dodsonmelody@example.com
Laura,owensdanny@example.org
Carlos,rita22@example.org
Norman,bryanalejandra@example.com
Dana,uhale@example.org
Jonathon,melodyrichardson@example.net
David,keithjacobson@example.org
Javier,shannonthompson@example.com
Shelley,pateldennis@example.org
Jerry,courtneybullock@example.net
Gwendolyn,dberg@example.org
Jon,hrobbins@example.net
Melody,cohenbonnie@example.org
Gloria,dtorres@example.net
Kristi,ashley82@example.org
Bethany,rose29@example.net
Holly,brandyward@example.com
Stuart,destinydean@example.com
Kaylee,cameron76@example.com
Ricardo,wlester@example.com
Roberto,stoneherbert@example.com
Doris,gilbert18@example.org
Nancy,tonya44@example.net
Juan,michael11@example.org
Marvin,max62@example.org
Angela,briana22@example.org
Bradley,kayla45@example.com
Jaclyn,dominicavila@example.org
Leon,rosariojean@example.org
Katrina,charlesgerald@example.org
Savannah,wesleycontreras@example.com
Cristian,jcaldwell@example.net
Jasmine,rita98@example.net
Wendy,tamisalazar@example.net
Leroy,aaronhatfield@example.net
Natalie,suzannebradshaw@example.net
Craig,bmoreno@example.org
Patrick,mitchelljenna@example.com
Ivan,charlesalexis@example.org
Cody,cfitzgerald@example.net
Sonia,judywagner@example.org
Bill,gabrielgriffith@example.net
Rebecca,rmclaughlin@example.com
Daniel,pedrocordova@example.org
April,coopercarly@example.org
Curtis,daisy37@example.org
Haley,roberta60@example.com
Brad,warrensalazar@example.org
Ashlee,frose@example.com
Malik,pedro07@example.org
Cristina,cspencer@example.org
Malik,gortega@example.com
Tonya,cameronsandoval@example.net
Gabrielle,chaneyshaun@example.com
Darlene,hannahclark@example.net
Dominique,nbullock@example.org
Ronnie,cskinner@example.com
Gabriella,erikahansen@example.org
Cindy,pettylevi@example.org
Cristina,patrickgriffin@example.org
Tracie,dominicochoa@example.com
Alyssa,mendezbrenda@example.com
Marco,ltate@example.com
Megan,manuel74@example.net
Francisco,iflynn@example.org
Martha,caitlynjoseph@example.net
Sarah,lindseyallen@example.org
Katie,sharon37@example.org
Sylvia,andreadouglas@example.org
Whitney,xstein@example.net
Michaela,alejandrodiaz@example.net
Steven,dlawson@example.com
Cheryl,lesliebuck@example.org
Yolanda,curtis23@example.org
Christina,gamblebeth@example.org
Dustin,dianasloan@example.com
Angel,calhounearl@example.com
Jill,xfoster@example.org
Gail,gregjenkins@example.com
Suzanne,conraddave@example.com
Joanne,dukestefanie@example.com
Cole,terryedwards@example.com
Joshua,uhampton@example.com
Suzanne,lutztimothy@example.com
Tyler,andrewgordon@example.net
Debra,ashleyerickson@example.com
Marie,pshea@example.org
Charles,jennyjuarez@example.org
Shari,chapmanchristie@example.org
Stephen,tony86@example.com
Geoffrey,rick35@example.org
Noah,omyers@example.org
Mariah,sergiobishop@example.org
Angelica,ycervantes@example.net
Angel,qrosario@example.net
Evelyn,rortega@example.net
Luis,barnesdevon@example.net
Karla,jenna05@example.net
Glenn,comptonjavier@example.org
Julian,stephanie90@example.org
Willie,edrake@example.net
Danielle,shawnahurley@example.com
Sally,reginaldarias@example.com
Johnny,isabelpoole@example.org
Janet,tonyahart@example.org
Brendan,garretttravis@example.org
Ana,tinalynn@example.net
Emma,mathewbrowning@example.net
Heather,gregorygamble@example.com
Daryl,darren75@example.org
Johnny,sophia77@example.com
Laurie,mosleyshannon@example.org
Malik,cannonluke@example.net
Mikayla,hcarpenter@example.com
Tasha,owilson@example.com
Travis,beverlyvelasquez@example.org
Kathy,mia15@example.org
Charles,fkemp@example.net
Beth,sonia19@example.org
Joan,kelsey66@example.net
Don,alvinestes@example.com
Madeline,darryl11@example.org
Candice,angela51@example.net
Angel,qhowell@example.net
Breanna,cschultz@example.org
Cassandra,alfred15@example.org
Sherry,mclark@example.net
Caitlyn,brian39@example.net
Noah,nvaughn@example.com
Vernon,sergio60@example.com
Jean,emmaalvarado@example.com
Phyllis,bhowell@example.net
Wesley,robin88@example.com
Damon,tabitha49@example.com
Tyrone,vincentmosley@example.net
Victor,hkrueger@example.com
Dennis,dorothy10@example.com
Darius,leonardsheena@example.com
Duane,noah95@example.net
Jon,mathew63@example.org
Roger,kellie94@example.com
James,lmckenzie@example.org
Damon,alexisvasquez@example.com
Dorothy,kent52@example.org
Derrick,beasleybenjamin@example.org
Susan,fgallagher@example.com
Lonnie,richmondgarrett@example.org
Joshua,uperry@example.com
Gavin,dalton42@example.com
Omar,adam69@example.com
Lydia,wlove@example.net
Brittney,melendezcharlene@example.org
Greg,nfisher@example.com
Eugene,qbranch@example.com
Beverly,charlenehuerta@example.com
Kurt,lyonsdaisy@example.net
Donna,dariusbryan@example.com
Cathy,georgechan@example.org
Jermaine,wanda04@example.net
Lee,deannablack@example.org
